121,JANE,DOE
122,JOHN,DOE
123,JILL,DOE
124,JOE,DOE
125,JUSTIN,DOE
126,JANE,DOE
127,JOHN,DOE
128,JILL,DOE
129,JOE,DOE
130,JUSTIN,DOE
131,JANE,DOE
132,JOHN,DOE
133,JILL,DOE
134,JOE,DOE
135,JUSTIN,DOE
136,JANE,DOE
137,JILL,DOE
138,JOE,DOE
139,JUSTIN,DOE
140,JANE,DOE
141,JOHN,DOE
142,JILL,DOE
143,JOE,DOE
144,JUSTIN,DOE
145,JANE,DOE
146,JOHN,DOE
147,JILL,DOE
148,JOE,DOE
149,JUSTIN,DOE
150,JANE,DOE
151,JOHN,DOE
152,JILL,DOE
153,JOE,DOE
154,JUSTIN,DOE
155,JANE,DOE
156,JOHN,DOE
157,JILL,DOE
158,JOE,DOE
159,JUSTIN,DOE
160,JANE,DOE
121,JANE,DOE
122,JOHN,DOE
123,JILL,DOE
124,JOE,DOE
125,JUSTIN,DOE
126,JANE,DOE
127,JOHN,DOE
128,JILL,DOE
129,JOE,DOE
130,JUSTIN,DOE
131,JANE,DOE
132,JOHN,DOE
133,JILL,DOE
134,JOE,DOE
135,JUSTIN,DOE
136,JANE,DOE
137,JILL,DOE
138,JOE,DOE
139,JUSTIN,DOE
140,JANE,DOE
141,JOHN,DOE
142,JILL,DOE
143,JOE,DOE
144,JUSTIN,DOE
145,JANE,DOE
146,JOHN,DOE
147,JILL,DOE
148,JOE,DOE
149,JUSTIN,DOE
150,JANE,DOE
151,JOHN,DOE
152,JILL,DOE
153,JOE,DOE
154,JUSTIN,DOE
155,JANE,DOE
156,JOHN,DOE
157,JILL,DOE
158,JOE,DOE
159,JUSTIN,DOE
160,JANE,DOE
121,JANE,DOE
122,JOHN,DOE
123,JILL,DOE
124,JOE,DOE
125,JUSTIN,DOE
126,JANE,DOE
127,JOHN,DOE
128,JILL,DOE
129,JOE,DOE
130,JUSTIN,DOE
131,JANE,DOE
132,JOHN,DOE
133,JILL,DOE
134,JOE,DOE
135,JUSTIN,DOE
136,JANE,DOE
137,JILL,DOE
138,JOE,DOE
139,JUSTIN,DOE
140,JANE,DOE
141,JOHN,DOE
142,JILL,DOE
143,JOE,DOE
144,JUSTIN,DOE
145,JANE,DOE
146,JOHN,DOE
147,JILL,DOE
148,JOE,DOE
149,JUSTIN,DOE
150,JANE,DOE
151,JOHN,DOE
152,JILL,DOE
153,JOE,DOE
154,JUSTIN,DOE
155,JANE,DOE
156,JOHN,DOE
157,JILL,DOE
158,JOE,DOE
159,JUSTIN,DOE
160,JANE,DOE
